-- MySQL dump 10.13  Distrib 5.7.12, for Win64 (x86_64)
--
-- Host: 127.0.0.1    Database: oepborg_test
-- ------------------------------------------------------
-- Server version	5.5.5-10.1.19-MariaDB

/*!40101 SET @OLD_CHARACTER_SET_CLIENT=@@CHARACTER_SET_CLIENT */;
/*!40101 SET @OLD_CHARACTER_SET_RESULTS=@@CHARACTER_SET_RESULTS */;
/*!40101 SET @OLD_COLLATION_CONNECTION=@@COLLATION_CONNECTION */;
/*!40101 SET NAMES utf8 */;
/*!40103 SET @OLD_TIME_ZONE=@@TIME_ZONE */;
/*!40103 SET TIME_ZONE='+00:00' */;
/*!40014 SET @OLD_UNIQUE_CHECKS=@@UNIQUE_CHECKS, UNIQUE_CHECKS=0 */;
/*!40014 SET @OLD_FOREIGN_KEY_CHECKS=@@FOREIGN_KEY_CHECKS, FOREIGN_KEY_CHECKS=0 */;
/*!40101 SET @OLD_SQL_MODE=@@SQL_MODE, SQL_MODE='NO_AUTO_VALUE_ON_ZERO' */;
/*!40111 SET @OLD_SQL_NOTES=@@SQL_NOTES, SQL_NOTES=0 */;

--
-- Table structure for table `register_base`
--

DROP TABLE IF EXISTS `register_base`;
/*!40101 SET @saved_cs_client     = @@character_set_client */;
/*!40101 SET character_set_client = utf8 */;
CREATE TABLE `register_base` (
  `dni` varchar(9) COLLATE utf8_unicode_ci NOT NULL,
  `register` varchar(100) COLLATE utf8_unicode_ci NOT NULL,
  `name` varchar(255) COLLATE utf8_unicode_ci NOT NULL,
  PRIMARY KEY (`dni`),
  UNIQUE KEY `register` (`register`)
) ENGINE=InnoDB DEFAULT CHARSET=utf8 COLLATE=utf8_unicode_ci;
/*!40101 SET character_set_client = @saved_cs_client */;

--
-- Dumping data for table `register_base`
--

LOCK TABLES `register_base` WRITE;
/*!40000 ALTER TABLE `register_base` DISABLE KEYS */;
INSERT INTO `register_base` VALUES ('','8024','AdriÃ -'),('00000000Z','8888','Preve'),('10196919F','5120','JosÃ© Ãngel'),('12312312G','2121',''),('12345678T','2122',''),('12345678Z','8113   ','kike'),('14266790M','5828','JosÃ© FÃ©lix'),('14267823A','5686','Nelson'),('14267851P','5847','Juan Carlos'),('14269111A','5595','Miguel'),('14269201R','5762','Juan'),('14270496P','5692','Anabel'),('14270519P','5734','RenÃ©'),('14270824Z','1873','Daniel'),('14270880R','5986','Josep Oriol'),('18435246X','5733','Juan Mariano'),('20461667Q','1944','Eduardo'),('25687545H','5933','Daniel'),('26270416Y','5978','TomÃ¡s'),('27225231Q','5038','Manuel RamÃ³n'),('31171075A','5293','Joaquin'),('31171075Z','5000','kike'),('31173332Y','5291','Emilio'),('31175244D','5290','LuÃ­s'),('31178230M','5289','Francisco'),('31178414M','5449','JosÃ©'),('31178762P','5311','Alfonso'),('31199824W','5312','Manuel Enrique'),('31207303Y','5527','Francisco'),('31295922Y','5292','Antonio'),('31999064S','5109','JosÃ©'),('32012417M','5050','Juan'),('33333077M','1795','Marcos'),('33335289D','5348','Sergio'),('33821703L','5111','Julio'),('33887576C','5118','Carlos'),('33904951F','5167','JosÃ© Manuel'),('33928262L','5706','Maribel'),('34743357V','5250','Jorge'),('34748295X','5458','Marcos'),('34753382Z','6048','Daniel'),('34758884L','6017','Sergio'),('34759194F','5647','Javier'),('34811681P','5627','Alberto'),('35009065Y','5158','Jorge'),('35033352M','5090','Julio'),('35034705R','5163','Manuel F.'),('35043962N','5164','Mario'),('35063839V','5216','Juan Alberto'),('35078946J','5526','Jorge'),('35080819T','5145','JosÃ© Javier'),('35086604N','5263','Joan'),('35088132E','5386','Rafael'),('35103060T','5851','Alberto'),('35103174E','5184','Juan Carlos'),('35108918Q','5506','Carles'),('35109484F','5193','Jordi'),('35110485L','5641','Andreu'),('35110531L','5332','Francisco'),('35113255Y','5412','Ricard'),('35117026M','5224','Eduardo '),('35118125T','5965','Sergio'),('35119656J','5727','Sergio Ant.'),('35120183B','5756','JosÃ© LuÃ­s'),('35122430G','5525','Amador'),('35122994Q','5800','Bienvenido'),('35124976C','5476','Cesar'),('36/544152','5107','JosÃ©'),('36451437W','5404',' MÂº Isabel'),('36484916Q','5112','Gerardo'),('36486870S','5079','Josep'),('36487493V','5025','Francisco'),('36493932Q','5003','JesÃºs'),('36494077T','5129','Pedro'),('36495159R','5005','Miguel'),('36497102N','5017','Dalmacio'),('36497529W','5015','Antonio'),('36497530A','5055','Manuel'),('36497852A','5022','Enrique'),('36498608T','5002','Jes?s'),('36498664X','5059','Juan'),('36499031D','5034','JosÃ©'),('36499041L','5070','Manuel'),('36499816N','5126','Juan'),('36500017Y','5053','Salvador'),('36501012N','5041','JosÃ©'),('36502193C','5067','LluÃ­s'),('36502560L','5047','Rosendo'),('36504606H','5056','Antonio'),('36504889W','5123','JosÃ©'),('36505205L','5057','JosÃ© Antonio'),('36506004J','5178','Enric'),('36506383R','5507','Juan AntÂº'),('36508185D','5100','Antonio'),('36508289K','5113','AgustÃ­'),('36508710M','5063','Salvador'),('36508931L','5103','Vicente'),('36509262M','5194','Vicente'),('36509800Z','5099','Felipe'),('36510453T','5085','Cecilio'),('36510512J','5030','JosÃ© Antonio'),('36511424M','5032','Juan JosÃ©'),('36511814G','5080','JosÃ© Manuel'),('36512171Q','5183','AndrÃ©s'),('36513278L','5152','JosÃ© A.'),('36513574Q','5045','Francisco'),('36514276M','5180','Juan'),('36514385E','5568','Eduardo'),('36514796L','5142','Francisco M.'),('36516565V','5726','Marc'),('36517073L','1907','JosÃ© Manuel'),('36517123T','1888','AndrÃ©s'),('36518452H','5553','Javier'),('36519239T','5580','JosÃ© Miguel'),('36519240R','5704','Juan RamÃ³n'),('36519498Y','5876','Manuel'),('36520060Q','5611','Javier'),('36522254W','1882','Francisco'),('36523554Z','5516','Roger'),('36523555S','5855','Sergi'),('36523650H','5823','Jaime'),('36523795W','5618','Jorge'),('36525651H','5844','Josep'),('36527207X','5866','Pedro'),('36527456Y','5886','David'),('36527934R','1840','Sergi'),('36528309P','5989','Raul'),('36528876T','1885','Isaac Robert'),('36529465Z','5435','Noel'),('36531149L','1858','RÃºben'),('36531954L','5924','Jorge Daniel'),('36532531K','5643','IvÃ¡n JosÃ©'),('36546458X','5068','Gabriel'),('36548353L','5008','Jordi'),('36552229P','5012','JosÃ©'),('36554242C','5096','Alfonso'),('36557171M','5177','JosÃ© Manuel'),('36560547T','5110','JosÃ©'),('36560948X','5046','JosÃ© Antonio'),('36560980L','5182','Manuel'),('36563583T','5186','JosÃ©'),('36564073F','5095','Jordi'),('36564369G','5033','Carlos'),('36564388T','5083','Juan Pablo'),('36566160R','5229','Antonio'),('36566652X','5185','Diego Juan'),('36566926P','5517','JosÃ© Antonio'),('36567504B','5209','Manuel'),('36567709D','5235','Juan'),('36568109H','5201','Antonio'),('36568174Z','5233','Miguel'),('36568178H','5218','JosÃ© LuÃ­s'),('36568478L','5653','Daniel'),('36568601G','5284','Israel'),('36568618K','5392','Jordi'),('36568748J','5211','Jordi'),('36568909J','5374','Carlos '),('36568940K','5207','Miguel'),('36568988T','5161','Jordi'),('36569058R','5422','Vicente'),('36569153G','5157','Juan'),('36569250D','5168','Antonio'),('36569431Y','5796','Miguel'),('36569480D','5487','Federico'),('36569516E','5350','Diego'),('36569707Y','5326','Mario'),('36569744C','5147','CÃ©sar'),('36569783J','5230','JosÃ© MÂª'),('36569988B','5313','Salvador'),('36570248H','5720','Javier'),('36570501H','5202','Jorge'),('36570549C','5165','Josep LluÃ­s'),('36570552T','5323','Francisco J.'),('36570609B','5564','Oscar'),('36570899W','5565','Oscar'),('36571132M','5159','JosÃ© LuÃ­s'),('36571229X','5370','Rosendo'),('36571563E','5309','Jorge'),('36571564T','5748','Anna MarÃ­a'),('36571846Y','5212','Antonio'),('36571952C','5631','Victor Manuel'),('36571953K','5242','JosÃ© Manuel'),('36571974L','5353','Francisco J.'),('36572018V','5134','Carlos'),('36572364H','5728','Joaquim'),('36572374M','5732','Francesc '),('36572534G','5271','RomÃ¡n'),('36572582Y','5273','Antonio'),('36572617H','5798','Sergio'),('36572674Y','5554','Jonathan'),('36572702B','5432','Miguel Angel'),('36572705Z','1946','Victor'),('36572747X','5296','Eduardo '),('36572768P','1865','RamÃ³n'),('36572782E','5803','Victor Manuel'),('36572993A','5139','Francisco J.'),('36573105T','5237','Francisco Manuel'),('36573116B','5373','Francisco'),('36573126K','5434','Juan Carlos'),('36573408G','5427','JosÃ© MÂª'),('36573480F','5249','Irene'),('36573481P','5591','Isaac'),('36573543R','5266','JosÃ© Francisco'),('36573776G','5845','Juan JosÃ©'),('36573988D','5601','Xavier'),('36573993Z','6044','LuÃ­s Javier'),('36574016Z','5758','German'),('36574197B','1886','Eduardo'),('36574432Q','5897','Francisco'),('36574542B','5551','Javier'),('36574553E','5372','Joan'),('36574554T','1877','Marcos'),('36574802H','5549','Javier'),('36574895L','5842','Christian'),('36575027J','5585','JosÃ© Luis'),('36575046D','5363','SebastiÃ¡n'),('36575098S','5913','Victor Hugo'),('36575247A','5578','Alfonso Juan'),('36575378L','5939','Manel'),('36575402C','5935','JosÃ© LuÃ­s'),('36575493L','5833','Jordi'),('36575499W','5892','IvÃ¡n'),('36575508B','5920','Sergio'),('36575546A','5736','Enrique'),('36575579J','5459','Marcos'),('36575604S','5398','MÂº Luisa'),('36575654L','5834','Oscar'),('36575809J','1856','Marcel'),('36575841E','5389','Miguel'),('36576011P','5524','Miguel'),('36576015N','5298','David'),('36576018S','5550','Raul'),('36576029A','5749','Jesica'),('36576030G','5622','Jordan'),('36576291N','5822','Oscar'),('36576353M','5492','Eloy'),('36576378F','5478','Jordi'),('36576434V','6025','Joan'),('36576581A','5859','Pedro'),('36576607Y','6008','Albert'),('36577424H','6049','Manuel'),('36577557J','5640','Ruben'),('36578039N','1857','NicolÃ¡s'),('36579914R','1904','Juan'),('36580076W','5941','Eugenio D.'),('36580649T','1895','Isaac'),('36987090P','5360','Vicente JosÃ©'),('37276128M','5707','Antonio'),('37290597F','5169','Carlos'),('37316110J','5097','Roberto'),('37318472Y','5031','Juan'),('37320581E','5172','Jorge'),('37323437A','5613','Antonio'),('37330532Z','5342','LuÃ­s'),('37330544A','5552','Eduardo'),('37330690B','5995','Oscar'),('37331117R','5428','JosÃ© Antonio'),('37331308P','5379','Francisco'),('37331963L','5301','Francisco'),('37332009L','5725','Angel'),('37332139B','5170','Alberto'),('37333734L','5377','Alex'),('37333735C','5673','JosÃ©'),('37333751J','5771','Jorge'),('37333814F','5278','Jorge'),('37334314R','5561','MoisÃ©s'),('37353408M','5106','Emilio'),('37355349Z','5101','Rafael'),('37371320T','5137','Angel'),('37373994Y','5567','Albert'),('37376419Q','5685','Eduardo'),('37379579W','5752','Esmeralda'),('37379934N','5228','Juan Carlos'),('37381459L','5358',' Francisco J.'),('37382118B','5217','Marcos'),('37382274Y','5791','Fco Javier'),('37382580J','5162','JesÃºs'),('37382844R','5198','Ricardo'),('37383138L','5196','Miguel'),('37383312D','5166','Eduard'),('37385172Y','5546','David'),('37386169Z','5679','Gabriel'),('37386183M','5447','Franciusco M.'),('37386184Y','5619','Raul'),('37386313C','1937','David'),('37386466N','7001','Ruben'),('37387398R','5951','RaÃºl'),('37387399W','5385','Juan Carlos'),('37387476X','1837','JosÃ©'),('37387541Y','5716','Oscar Domingo'),('37388342W','6033','Ignacio'),('37388980L','5712','Daniel'),('37389063X','5745','Sonia'),('37389125A','6031','Daniel'),('37389951R','6065','Antonio'),('37390157T','5391','LuÃ­s'),('37390784Y','1844','Alejandro'),('37390851G','5818','Jordi'),('37390852M','5672','Joan'),('37391189C','1823','David'),('37391303L','5884','Israel'),('37392133K','5969','Miguel Angel'),('37392250T','1819','Salvador'),('3766045W','5105','Mariano'),('37715916X','5009','Antonio'),('37724095R','5049','FerrÃ n'),('37738239T','5119','Jordi'),('37744093N','5128','Emilio'),('37744578Z','5187','Jaume'),('37767731Y','5021','Amadeo'),('38062083G','5052','Jeroni'),('38086300W','5433','Antonio'),('38092011D','1801','Sergio'),('38095018A','5297','AgustÃ­'),('38095695J','4450','Josep'),('38096987V','5649','Juan Domingo'),('38099407E','5371','Francisco JosÃ©'),('38099836Z','5206','David'),('38100468W','5576','Juan JosÃ©'),('38101033S','5668','Oscar'),('38101160G','5858','Jordi'),('38108473A','5267','Javier'),('38109959V','5351','Josep'),('38110605L','5468','David'),('38110737J','5331','Joaquin'),('38111028M','5657','Juan'),('38113623R','5256','Francisco J.'),('38114310K','5440','Roc'),('38114767H','5365','Angel'),('38119602T','5286','JosÃ© Antonio'),('38119724F','5403',' Rosa'),('38122281B','5786','Pedro'),('38123685N','5281','Jordi'),('38125803Z','5664','Enric'),('38128688R','5957','Antonio'),('38128758W','5904','JosÃ© Luis'),('38128979Q','1878','Gabriel'),('38129990S','5272','Maximiliano'),('38134881F','6056','Jaime'),('38134983V','5574','Sofia'),('38135314A','5689','Raul'),('38135315G','5811','Sergio'),('38135509Z','5713','Daniel'),('38136223S','6028','Daniel'),('38136762W','5639','Oriol'),('38140112V','5817','Javier'),('38141598P','5746','Mireia'),('38143414F','5535','Cristian'),('38143827Y','5477','Oscar'),('38144528V','1943','Jordi'),('38144529H','1864','Marc'),('38144839Y','5276','Marcos'),('38145859Z','5589','Oscar'),('38145992D','1929','David'),('38146055A','6002','Arturo'),('38149282X','5420','Alfonso'),('38149411R','5718','Salvador'),('38149888H','5976','Ricard'),('38150111B','5999','JosÃ© LuÃ­s'),('38150112N','5967','Aitor'),('38151591L','5829','JosÃ© Carlos'),('38152410X','5862','Francisco'),('38152502X','5747','Carolina'),('38301158V','5007','TomÃ¡s'),('38428137J','5051','JosÃ© Antonio'),('38434626Q','5197','JosÃ© Manuel'),('38436932E','6050','David'),('38439744M','5203','JosÃ© LuÃ­s'),('38446065R','5274','David'),('38446591K','5663','David'),('38446592E','5221','Javier'),('38450072Y','5219','Rogelio'),('38451420C','5987','Oscar'),('38454201H','5338','Antonio'),('38456004G','1875','Alfonso'),('38456681Z','5955','Manuel'),('38456740G','5324','Eduardo '),('38457717S','5916','Raul'),('38459687F','5401','David'),('38459763Z','5364','Francisco'),('38470297Z','5020','Salvador'),('38506041Q','5160','Manuel'),('38508739T','5621','Franciscco  JosÃ©'),('38511392P','5135','Joaquim'),('38519713A','5114','Juan LuÃ­s'),('38553538H','5192','Antonio'),('38556337B','5131','Miguel Angel'),('38557128C','6020','David'),('38559671X','5906','Juan'),('38559922P','1836','Emilio'),('38786114Z','5628','Alberto'),('38807158V','5536','Francisco Jav.'),('38812436M','5213','RamÃ³n'),('38824769X','5088','Jaume'),('38826034X','5390','Oscar'),('38826546Q','1894','Marco'),('38828985V','5669','Xavier'),('38830041S','5448','Pedro Antonio'),('38830801Q','1925','Javier'),('38832819X','5347','Victor'),('38833512J','5460','Marcos'),('38834135S','5125','Ernesto'),('38836415H','1708','Oswaldo'),('38840305K','1936','Daniel'),('38856174C','5682','David'),('38859338X','5676','Antoni'),('38862599M','5864','Sergio'),('39017080H','5010','Raul'),('39179261A','5222','JosÃ© Francisco'),('39343403V','5130','LluÃ­s'),('39358165J','5318','Ignacio'),('39366592E','5830','Jordi'),('39376882P','1912','Ruben'),('39430095E','6043','Sergio'),('39686894A','5438','SebastiÃ¡n'),('39728207P','1791','RaÃºl'),('40343142S','5681','Sergio'),('40561518Y','5417','Joaquin'),('40948991K','5036','JosÃ©'),('40973215A','5176','Antonio'),('40979888Y','5512','Carles'),('40980727V','5835','Oscar'),('40982843V','5396','JosÃ© Antonio'),('40987514L','5926','Alfonso'),('40988141W','5287','Carlos'),('40990289B','1842','Francesc'),('40991745H','6054','Daniel'),('40991872F','5402','Silvia'),('40992141T','5117','JosÃ© Enrique'),('40992594Q','5303','Alejandro'),('409935588','5623','Alejandro'),('40995940G','5307','RamÃ³n'),('40997338E','5709','Juan'),('40997692P','1906','Abel'),('40997699S','6023','Alex'),('40998693C','5466','Javier'),('40999284J','5562','Roger'),('40999451L','5436','Gabriel'),('40999452C','5634','Jordi'),('40999913K','5877','Isaac'),('41002168E','1862','Alex'),('41002559E','1908','Oscar'),('41003451V','1917','Cristian'),('41005577G','5929','AdriÃ¡n'),('41081819R','1764','JosÃ© Miguel'),('43255535G','5632','Carlos'),('43420999N','5354','Juan Miguel'),('43423465V','5247','David'),('43423699K','5305','Juan JosÃ©'),('43424909N','5336','Javier'),('43424910J','1902','Oscar'),('43427728W','5302','Esteban'),('43428042V','1835','Carlos '),('43429958R','5470','Carlos A. '),('43430148F','5925','Carlos'),('43430149P','5629','Sergio'),('43430690C','5710','JosÃ© MÂª'),('43431115P','5357','Oscar'),('43431191S','1818','Jordi'),('43432049E','5805','Reyes'),('43435123Z','5171','David'),('43435124S','5703','Silvia'),('43436156N','5245','Eva'),('43436925E','5739','Meritxell'),('43437251A','5444','CÃ©sar'),('43438344S','7003','CÃ©sar'),('43438916N','5268','Jordi'),('43439529G','5930','JosÃ© Ignacio'),('43440864M','1854','Javier'),('43441971P','5802','Roberto'),('43442435N','5964','JerÃ³nimo'),('43443988R','5425','Marcos'),('43445567Q','5821','J.AntÃ³n'),('43445963K','5606','Carlos'),('43446472R','5330','DamiÃ¡n'),('43447216D','5961','Pablo'),('43447507R','6015','Fernando'),('43447820S','5757','Oscar'),('43448118Z','5856','Carlos'),('43448262C','5683','David'),('43449141W','5560','Carlos'),('43449774Z','5971','Sergio'),('43453795X','5743','Aroa'),('43454494L','1913','Joan'),('43455349T','5993','Pedro'),('43455350R','1896','Clemente'),('43501105D','5251','Ricardo'),('43514086H','1808','Ivan'),('43515357R','5387','Enrique'),('43517214H','1897','Francisco'),('43520210R','5355','Juan Manuel'),('43521157M','1947','Oscar Eduardo'),('43521308H','5865','JosÃ© Maria'),('43521805D','5231','Sergio'),('43523147V','5259','David'),('43524617S','1853','Oscar'),('43524628A','5954','Sergio'),('43525160Y','5792','Ruben'),('43525289C','6022','Ruben'),('43525501W','5359','Marcos'),('43526112S','1922','Javier'),('43526113Q','6051','Fernando'),('43527072D','6034','Sergi'),('43527117P','5617','Pedro Juan'),('43527562Q','5315','Francisco'),('43529451L','5254','Francisco'),('43529460M','5991','Sergio'),('43529708T','5612','Juan JosÃ©'),('43529795H','6004','JosÃ© LuÃ­s'),('43530281K','5903','David'),('43530865F','5909','Daniel'),('43530881T','5977','Diego Alejandro Palmeyro Barrera'),('43531560N','5581','FÃ©lix'),('43533631J','5511','Francesc Xavier'),('43534503B','5381','Alberto'),('43535254A','5696','Nuria'),('43537850T','1807','Fco Javier'),('43539192P','5666','Manuel'),('43541687L','5480','JesÃºs'),('43543482C','6005','Ismael'),('43543606Y','1822','Alejandro'),('43546515V','6007','IvÃ¡n'),('43555130F','5826','Sergio'),('43672454P','5766','Jaume'),('43680491H','5497','Juan Carlos'),('43680562C','5378','JosÃ© MÂº'),('43680853N','5091','Emili'),('43681207K','5092','Javier'),('43683851C','5190','JosÃ© LuÃ­s'),('43683853E','5141','Juan Carlos'),('43684123Q','5481','Jordi'),('43685188T','5084','Francisco J.'),('43685238G','5819','Oscar'),('43685750X','5098','Jordi'),('43686709A','5337','Bernardo'),('43686789Z','1898','JosÃ© LuÃ­s'),('43687161H','5368','Marcos'),('43687695T','5787','Daniel'),('43687696R','5457','JosÃ©'),('43687697W','5431','Antonio'),('43687975G','5328','Jordi'),('43688199K','5253','VÃ­ctor'),('43688275M','6037','Consol'),('43688715P','5295','Jorge'),('43688720J','5637','Javier'),('43688978H','5962','Marc'),('43689372K','5491','David'),('43689405P','5408','Rafael'),('43689769G','5288','Javier'),('43689834T','5607','Antonio'),('43689887F','5179','Manuel'),('43690163F','5809','LluÃ­s'),('43690396X','5306','David'),('43690665A','5593','Joaquim'),('43690929Z','5521','Daniel'),('43691845X','5770','Sergio'),('43691863M','5258','Gustavo'),('43692044W','5486','LluÃ­s'),('43692206A','6009','Victor'),('43692534D','6060','Ismael'),('43692625P','5127','Miguel'),('43692638K','5446','Oscar'),('43692997N','5282','David'),('43693340X','5867','Daniel'),('43693643Z','5265','Javier'),('43693686B','5674','Carles'),('43693958F','5484','Antonio'),('43694032N','5540','Xavier'),('43694039L','5879','David'),('43694078N','5650','Manuel'),('43694177L','5367',' Miguel Angel'),('43694295E','5205','Francisco'),('43694348Y','1921','Javier'),('43694505W','1926','Josep Amram'),('43694529A','5768','Carles'),('43694778E','5269','Pedro'),('43694847E','5199','Daniel'),('43694938K','5824','Jorge'),('43694949D','5558','Antonio'),('43694955S','5500','Carlos Javier'),('43695551J','5994','Francisco JesÃºs'),('43695943Z','1861','Antonio'),('43696017L','5474','David'),('43696085H','5772','IvÃ¡n'),('43696114R','5317','David'),('43696134K','1782','JesÃºs'),('43696160R','5542','Santiago'),('43696299W','1892','Alejandro Luis'),('43696387K','5956','Oscar'),('43696598W','5658','Jorge'),('43696666R','5968','Jordi'),('43696667W','5655','Alejandro'),('43696668A','5608','David'),('43696708C','5839','Jorge'),('43696939K','1881','Hugo'),('43697027V','5895','JosÃ©'),('43697213L','5442','Carlos '),('43697229N','5494','Manuel'),('43697537K','1883','Ivan'),('43697653E','5399','Patricia'),('43697654T','5570','Virginia'),('43697673L','5979','Javier'),('43697674C','1811','Jaume'),('43697977R','5300','Joan'),('43698162W','5465','JosÃ© P.'),('43698207R','5902','Oscar'),('43698292V','5795','BenjamÃ­n'),('43698348G','5785','Enrique'),('43698973P','5825','Angel'),('43698987E','5241','JuliÃ¡n'),('43699035R','5974','Edgar'),('43699054C','5604','AgustÃ­'),('43699269M','7178','Jaime'),('43699667N','6026','Juan Antonio'),('43728368D','5873','David'),('44000087Y','5557','Oscar'),('44000113D','5602','Albert'),('44004637W','1813','JesÃºs MÂª'),('44005550H','5744','Esteban'),('44005680X','5260','David'),('44009147G','5325','Victor Manuel'),('44009148M','5406','Natalia'),('44012011Q','5812','Alberto'),('44012887H','5970','Francesc '),('44013124W','5893','Miguel'),('44013590P','6035','Jonathan'),('44014602P','6018','David'),('44016369G','5394','Xavier'),('44017926C','5464','Sergio'),('44019490C','1850','Fernando'),('44024639V','1827','Eloi'),('44177576G','5277','Enric'),('44177698B','5299','Manuel'),('44178792R','1845','David'),('44179687E','1915','Jordi'),('44179876G','1768','Sergi'),('44181221S','5609','Daniel'),('44183016Q','5375','David'),('44183403N','5806','JosÃ©'),('44183664c','1833','Raul'),('44184144V','5917','Sergio'),('44186870Y','1923','Jordi'),('44186888R','1829','Manuel'),('44187391K','5384','Daniel'),('44187392E','5815','Alejandro'),('44189478S','5804','Jorge'),('44189684Z','1846','Fco Javier'),('44189773B','1905','Pedro'),('44189982J','5972','Juan'),('44192333H','5948','Victoriano'),('44192379H','5688','JosÃ© Ismael'),('44192656L','5937','JosÃ©'),('44193655Y','5455','GinÃ©s'),('44194412G','5590','Daniel'),('44195632M','1852','Jonathan'),('44196027D','5875','Ivan '),('44199813T','1810','Daniel'),('44420435Y','5896','Alberto'),('44420680K','5827','Roger'),('44556929H','6036','Aitor'),('45247612B','5004','Miguel'),('45263907E','5413','JosÃ© LuÃ­s'),('45276274S','5776','Antonio'),('45463812B','5255','Narciso'),('45464863G','5667','Fco javier'),('45478650Z','5934','Jorge'),('45485098E','6067','JosÃ© Manuel'),('45491150W','5763','Salvador'),('45538570L','5780','Jorge'),('45539502P','5388','Daniel'),('45637038R','5878','Carles'),('45640544B','1940','Joan'),('45714562S','5717','Juan'),('46,713909','5928','Carlos'),('46003378C','5016','Miguel Angel'),('46020179P','5014','Vicente'),('46024330L','4956','Juan'),('46027593Q','5415','JosÃ© Cecilio'),('46033757Q','5089','Juan Carlos'),('46038371F','5122','JosÃ©'),('46038521L','5566','LuÃ­s'),('46038759G','5195','Pedro'),('46039369Q','5154','Francisco J.'),('46044386L','5143','GermÃ¡n'),('46044629D','5223','Carlos'),('46045664D','5555','Antonio'),('46047730M','5543','David'),('46048087V','5174','Xavier'),('46049463J','5569','Antonio'),('46049594Y','5735','Francisco'),('46050421M','5191','Jacinto'),('46050523S','5086','Sergi'),('46050671W','5418','David'),('46050779H','5471','Jorge'),('46050905Y','5544','Vicente'),('46051170H','5950','Roberto Manuel'),('46051470L','5807','Manuel'),('46051803F','5694','Emma'),('46051825Y','5462','JuliÃ¡n'),('46052443A','5308','Miguel Angel'),('46052466A','5175','Carlos'),('46052910X','5121','Juan JosÃ©'),('46052911B','5333','Saul'),('46052968E','1890','Juan Alberto'),('46053280N','5753','Miguel Angel'),('46053843T','5545','Jorge'),('46054071K','5234','Antonio Franc.'),('46054762E','5588','David'),('46054816F','5814','Francisco'),('46055350N','5738','Miguel'),('46055796K','5397','JosÃ© L.'),('46055797E','5148','Daniel'),('46056377G','5614','Jorge'),('46056487E','5764','Manuel'),('46056685J','5801','Carlos'),('46056962Z','5257','Javier'),('46057037C','5352','Pedro'),('46057474C','6042','Rafael'),('46058370L','5600','Pedro Javi'),('46058554L','5314','Pedro'),('46058839M','5778','Jonathan'),('46058883A','5369','Oscar'),('46058988Q','5343','Raimon'),('46059490N','1931','Juan'),('46059580X','5820','Rafael'),('46059709R','5380','David'),('46059780A','5232','Antonio'),('46060229S','5547','Ivan'),('46060266Y','5429','Xavier'),('46060659P','5541','Francisco'),('46060660D','5625','Javier'),('46060766T','1939','Ivan'),('46060779J','5504','AndrÃ©s'),('46060782Q','5430','JesÃºs '),('46061074D','1889','Israel'),('46061753K','5848','JosÃ© MÂª'),('46061895W','5582','JosÃ©'),('46061906J','6041','Daniel'),('46062891D','5952','Alejandro'),('46063673D','1869','Daniel'),('46063924F','5514','Josep '),('46063925P','5700','Silvia'),('46064262T','5793','Victor'),('46064584T','1859','Oscar'),('46065215X','5973','Enrique'),('46065845L','5911','Joan'),('46065869C','5777','Antonio'),('46066232S','1820','Daniel'),('46066872B','5532','Jordi'),('46137565W','5488','Oscar'),('46139168H','1806','David'),('46139351V','5721','Marc'),('46139689X','5214','Ruben'),('46141516C','5531','Victor'),('46142817X','1817','Fco JosÃ©'),('46145232X','5572','Albert'),('46234206C','5456','Xavier'),('46234474N','5808','Ruben'),('46235896P','5262','Enrique'),('46236338J','5949','Juan Ignacio'),('46238850H','5953','Francisco Jav.'),('46338812E','5132','Manuel'),('46341872T','5687','Aitor'),('46342995L','5849','Ricard'),('46345856M','5215','Oriol'),('46346793E','5691','Elena'),('46347101P','5252','Alex'),('46350878J','6027','Jordi'),('46351990K','5454','Javier'),('46352634K','5789','Marc'),('46360830Y','6058','Enrique R.'),('46401651W','1919','Arturo'),('46402907Q','5479','Marc'),('46405462H','5963','Ernest'),('46427081V','5225','Jaume'),('46451319J','5742','Susana Victoria'),('46452751L','5423','Jorge'),('46453392Q','1847','Isaac'),('46457514K','1903','Javier'),('46511126C','5181','Eduardo JesÃºs'),('46538204G','5997','Francisco JosÃ©'),('46547625H','5502','Fco Javier'),('46549565A','5445','JesÃºs Angel'),('46556346E','6038','Manuel JosÃ©'),('46556893V','5144','JuliÃ¡n'),('46559034L','5200','Marco Antonio'),('46559542K','5782','Rafael'),('46560644L','5344','Alberto'),('46560680D','5335','David'),('46560773X','5356',' Pedro JosÃ©'),('46561426L','5304','Jorge'),('46562548Z','5699','Eugenia'),('46562756S','5153','Francisco J.'),('46563989Y','5626','JosÃ© Leopoldo'),('46564335F','5151','Francisco J.'),('46565469Z','5136','JosÃ© Antonio'),('46567105V','5670','Jordi'),('46567842H','5133','Miguel Angel'),('46569754K','5361','Jordi'),('46570818G','5769','Ricard'),('46570819M','5577','Albert'),('46571999N','5393','Sergio'),('46572043X','5320','Jordi'),('46572286T','5376','Francisco J.'),('46572486Q','5529','Josep MÂª'),('46573196J','5188','AgustÃ­n'),('46573870C','5316','Emilio'),('46574517T','5140','David'),('46577080X','5556','Esteban'),('46579123Y','5563','Manuel'),('46589721R','5854','Jaume'),('46594274T','5264','Carlos Felipe'),('46596892L','5947','Santiago'),('46598112C','5416','Enrique'),('46604614J','5615','Manuel'),('46604863D','5661','JesÃºs'),('46605746H','5850','Daniel'),('46610325C','5146','Roberto'),('46616981Y','5510','JosÃ© LuÃ­s'),('46618569F','5220','Fco Guillermo'),('46638098D','1793','Diego Alejandro'),('46642215D','5210','Juan JosÃ©'),('46644188G','5093','JosÃ©'),('46675879R','5149','Ricardo'),('46682107L','5579','Oscar'),('46684737G','5722','Ivan'),('46685228N','5730','Rafael'),('46688937H','5226','Carlos'),('46690843S','5329','Sergio'),('46692784R','5943','Alberto'),('46693498W','5495','Kevin'),('46694598K','5528','Manuel'),('46696813M','5437','Joan Antoni'),('46697289K','5261','JosÃ© Antonio'),('46697405E','5424','Carlos '),('46697595M','5586','Manuel'),('46698154N','5912','JosÃ© Antonio'),('46700096E','1872','Daniel'),('46701883S','5678','Sergi'),('46701992D','5898','Jordi'),('46702618Z','5409','Miguel Angel'),('46702753B','6040','Francisco'),('46705215N','1786','Angel'),('46705541Q','5942','VÃ­ctor'),('46706292-','1920','Juan Carlos'),('46706645Q','5751','Cristina'),('46707184A','5755','Oscar'),('46707660L','5652','JosÃ© Manuel'),('46710279Q','5411','JosÃ© Manuel'),('46710965N','1855','Fco Javier'),('46712498G','7804','Ricard'),('46713723X','5724','Javier'),('46713926Y','5559','Gonzalo'),('46715836F','1938','Alberto'),('46715916H','5651','IvÃ¡n'),('46716826P','5620','FÃ©lix'),('46717627G','6013','Isaac'),('46717723P','7002','Jaime'),('46721394E','5872','Daniel'),('46721936N','6024','Adria'),('46725258E','5773','Miguel Angel'),('46725442E','5270','Eduardo '),('46725443T','5280','JosÃ© Manuel'),('46726026P','5279','Antonio'),('46726375N','5489','Carles'),('46727545D','5662','Oscar'),('46727851Q','5533','Guillermo'),('46728514N','5914','CÃ©sar'),('46729199F','5208','Francisco J.'),('46729219G','5603','JosÃ©'),('46729523D','5469','Alberto'),('46733058W','5366','Francisco J.'),('46733565A','5322','Daniel'),('46733921Z','5774','Daniel'),('46733922S','5705','Judith'),('46733949L','5644','Sergio'),('46733975E','5910','Jordi'),('46734013Z','6014','Antonio'),('46735179F','5441','Antoni'),('46735659G','5227','Ignaci'),('46735882C','5794','Miguel Angel'),('46736322T','5395','Alfonso'),('46737176A','5901','JosÃ©'),('46737549P','5675','Alberto'),('46737865W','5475','Jorge'),('46739065Y','1860','Juan Manuel'),('46739293G','5737','Daniel'),('46740004W','5665','Ignacio'),('46740175N','1779','Javier'),('46740252C','5605','Eduardo'),('46741122Q','5697','Mireia'),('46741296Y','5731','RamÃ³n'),('46741297F','5945','David'),('46741650S','5246','LeÃ³n'),('46742020V','5285','Joaquin'),('46742880A','5783','Daniel'),('46743793L','6061','Andreu'),('46743850F','5482','RubÃ©n'),('46744255K','5382','Jonatan'),('46745264H','5463','Josep Maria'),('46745266C','5983','Alexandre'),('46746216G','6039','Jorge'),('46748195M','6001','JosÃ© Manuel'),('46748196Y','5927','Sergio'),('46748586M','5636','JosÃ© MÂª'),('46748769G','1848','Alejandro'),('46749575M','5788','Francisco'),('46749576Y','5599','Aaron'),('46750123R','5310','Daniel'),('46751402S','5334','Nazario'),('46751555F','5765','David'),('46751785F','5244','Carmen'),('46752368S','5660','David'),('46752419C','5283','RaÃºl'),('46752840G','5921','Guillem'),('46753969Y','5239','Rosa MÂª'),('46754041D','5740','Rafael Aleja'),('46754075C','5204','Javier'),('46754910G','5750','Silvia'),('46755245V','5698','Javier'),('46755375D','1727','Carlos'),('46755587Z','5496','Ruben'),('46755837B','5868','Daniel'),('46756655R','5610','Ismael'),('46756925H','5936','David'),('46757240B','5779','Antonio'),('46757241N','5584','JosÃ© Manuel'),('46758057T','5923','Marc'),('46758841W','5243','Lidia'),('46759085Q','5938','Ã“scar'),('46759716A','5684','Alberto'),('46759717G','6030','Ignacio'),('46761496N','5918','JosÃ©'),('46762608C','1824','Juan'),('46763056P','1798','Xavier'),('46764046D','6010','Joan'),('46764106T','6063','LuÃ­s'),('46764331H','5630','Sergio'),('46764363G','5846','Ricardo'),('46764477A','5671','Jordi'),('46764822A','5443','Jonathan'),('46764914A','1879','Angel'),('46765097W','5702','Esther'),('46765245N','5501','Carles'),('46765328A','5587','Dani'),('46766581L','5616','HÃ©ctor'),('46767314B','5922','Guillermo'),('46767528H','1924','Raul'),('46768046F','6045','Enrique'),('46769397R','1927','Sergio'),('46771110N','5400','Sergio'),('46771550S','5894','Antonio'),('46771562G','5642','RomÃ¡n'),('46771973R','5680','Enric'),('46772132E','5871','Sergio'),('46772776E','6062','Francisco Jav.'),('46773084P','5499','Demis'),('46774564Q','1849','JosÃ© Manuel'),('46774609S','5410','Joan'),('46774676J','5932','Javier'),('46778400B','5944','Sergio'),('46780339H','5575','Laia'),('46784383Z','5908','Ã“scar'),('46787648J','5461','Juan JosÃ©'),('46788115C','6047','Raimundo J.'),('46789154R','6052','Jordi'),('46791315T','1945','Cristian'),('46795224E','1838','Eduardo'),('46795892T','5843','Fco Edgar'),('46795981C','1935','Juan JosÃ©'),('46802255S','5592','Javier'),('46810271G','1867','Daniel'),('46810636R','5248','IÃ±aki'),('46810637W','5538','Andoni'),('46811451B','5998','Fernando'),('46811940V','5760','Rafael'),('46813160H','1887','Raul'),('46813313X','1843','Fernando'),('46813528H','5695','David'),('46814133W','1871','Carlos'),('46818833X','5966','Marcos'),('46822523C','5711','Jordi'),('46823138Z','1941','MartÃ­'),('46964679J','5889','Marc'),('46964706V','6066','Jorge'),('46964861B','5992','Mario'),('46964879Y','5238','Ana'),('46965114B','5799','Marcos'),('46965720L','5874','Israel'),('46966135C','5518','Sergio'),('46966435K','5880','Jordi'),('46966941K','1893','Sergio'),('46967707M','5836','Daniel'),('46969147L','5946','Manuel'),('46971502M','6016','Alberto'),('46971509N','5693','Isabel'),('46973379L','5891','Cristian'),('46976739K','6032','Santiago'),('47154810A','5982','Xavier'),('47170066X','5915','Javier'),('47272101V','1901','Fernando'),('47272732G','1918','Esteban'),('47272838H','5900','Joan'),('47602474H','5980','David'),('47605434B','5677','Yzar'),('47613411F','6011','Miguel Angel'),('47617891W','1933','Francesc'),('47618514G','1814','David'),('47634396Q','5426','RaÃºl'),('47634698L','5816','Aitor'),('47637252Z','1832','JosÃ© MÂª'),('47648690G','5522','Francisco'),('47648691M','5596','Albert'),('47649080A','5985','Didac'),('47650264Z','5473','Sergio'),('47655391N','5485','Roycel Joel'),('47660091C','5940','Sergio'),('47710171Y','1911','Josep Miquel'),('47711884V','1834','Antonio'),('47714521D','1884','Carlos'),('47714889D','5708','David'),('47715772H','5863','Isaac'),('47717693F','1870','Gerard'),('47718747A','5701','Marta'),('47724271F','5505','David'),('47727026W','1880','Javier'),('47727518B','1874','Jesus Emili'),('47731025E','5861','Pablo'),('47734048D','5853','AndrÃ©s'),('47735020S','6003','Bernardo'),('47735024L','5648','Sergio'),('47735129D','5659','Rafael'),('47735130X','5888','Manel'),('47735131B','5840','JosÃ© MÂª'),('47735159Q','6057','Alberto'),('47735160V','5883','Manel'),('47735194M','5635','Joan'),('47735198D','5537','Jordi'),('47735214W','5810','David'),('47735226Z','6059','Oscar'),('47735288F','5870','Sergi'),('47735294J','5690','Jordi'),('47735305R','5781','Jonathan'),('47735330A','5503','Saul'),('47735342S','5775','Manuel'),('47735355M','1831','Eduardo'),('47735465T','1828','Salvador'),('47735470M','1826','David'),('47735499B','5882','Sergio'),('47735536M','1803','Juan Bautista'),('47735537A','5530','JosÃ©'),('47735547J','5571','Andrea'),('47735557T','1830','Marc'),('47735575H','5885','HÃ©ctor'),('47735605W','5493','Daniel'),('47735842D','5723','JesÃºs'),('47735847Z','6000','Carlos'),('47735906G','5887','Fernando'),('47735926R','5869','Salvador'),('47735972R','5958','Cristian'),('47736173H','5959','Carlos JosÃ©'),('47736244C','6053','Carlos'),('47736248R','5931','Jerson'),('47736433W','5881','Xabier'),('47736552Y','5837','Christian'),('47736657L','1863','Osiris Miguel'),('47736697J','6006','RubÃ©n'),('47784184M','1930','Jordi'),('47787235C','6055','Jon'),('47789642N','5714','Juan Miguel'),('47795013R','5831','Carlos'),('47797078L','1928','JesÃºs'),('47798905Y','6064','Javier'),('47865908X','7083','Jordi'),('47877378A','5838','Victor'),('47878950B','1868','Ã€lex'),('48035550G','1699','Fernando G.'),('50812362A','5319','Carlos Fco'),('5085409V-','5028','Francisco'),('51068659B','5583','Sergio'),('52158058S','5520','Oscar'),('52160722B','5741','JosÃ© Manuel'),('52176037P','5523','Francisco'),('52190287K','5414','SebastiÃ '),('521930687','5472','Juan JosÃ©'),('52205440V','5548','Vicente'),('52205947H','5327','JosÃ© Manuel'),('52206289S','5346','RamÃ³n'),('52206390R','5598','Ant.JosÃ©'),('52207502D','5539','Jordi'),('52207597N','5294','JosÃ© Antonio'),('52208667R','5339','Francisco J.'),('52208874R','5860','David'),('52209637M','5597','Juan Carlos'),('52219185P','1948','Josep'),('52274507S','5341','Juan JosÃ©'),('52275017L','5638','JosÃ© Miguel'),('52275253W','5236','Gustavo'),('52275854M','5498','Jordi'),('52275855Y','5899','Xavier'),('52277804T','1841','Rafael'),('52278796A','5240','Vanessa'),('52279178V','6012','Juan Antonio'),('52279358J','5907','David'),('52390506W','5790','JesÃºs'),('52395024N','5624','JosÃ© MÂª'),('52396473N','5654','Jordi'),('52398539P','5453','David'),('52400472D','5490','JosÃ© Antonio'),('52400734H','5996','Alejandro'),('52403362R','5729','Pedro JosÃ©'),('52404465T','5767','JosÃ©'),('52407297A','5519','Pedro Javi'),('52407298G','5439','IvÃ¡n'),('52408261R','5340','Daniel'),('52420864T','5452','GenÃ­s'),('52421172D','5759','Miguel Angel'),('52429949T','1909','Javier'),('52436102N','5419','JosÃ© Pedro'),('52437463Q','5784','Raul'),('52464768C','5534','David'),('52466919D','5905','MoisÃ©s'),('52469337N','5645','Oscar'),('52623877S','5919','Alonso'),('52629028Z','1825','Sergi'),('52910343Q','1839','David'),('52913992P','6019','David'),('52914228Z','5656','JosÃ© AntÃ³n'),('52914831L','5450','Oscar'),('52917994P','1942',' MartÃ­'),('53026078S','1821','Gerard'),('53033066B','1851','TomÃ¡s'),('53033746R','5841','Daniel'),('53051536N','1914','Juan Carlos'),('53060390B','7059','JosÃ© Antonio'),('53060761Z','5421','David'),('53062365P','1866','Ruben'),('53062740S','5349','Miguel Angel'),('53062918D','5513','Jorge'),('53063528K','1809','Jaume'),('53063643K','1805','Jordi'),('53064586K','1780','Roque'),('53065505C','5646','Carlos'),('53066579J','5981','Daniel'),('53067283G','6029','JosÃ© Manuel'),('53069894Q','5975','Ricard'),('53071634P','6021','Miguel Angel'),('53071834R','5984','JosÃ© LuÃ­s'),('53072143B','5467','Marcos'),('53072524R','1910','David'),('53072525W','6046','Vicente'),('53072763X','1891','Jonathan'),('53072811N','1787','Marcos'),('53073194G','5990','JosÃ©'),('53076188P','5988','Juan Antonio'),('53076788X','1916','Javier'),('53077430P','1900','Juan'),('53079064D','5573','MÂª Victoria'),('53079343N','5797','Ruben'),('53079344J','5405','MÂª BelÃ©n'),('53080132L','5832','Miguel Angel'),('53086670W','5857','Cristian'),('53125178P','5345','Marcos'),('53127335A','1815','Marcos'),('53286387X','5890','David'),('53325669P','1932','David'),('5854N-','5761','Jordi'),('639644661','5451','AdriÃ '),('72530357H','5383','Antonio'),('72551269T','5483','Fco Javier'),('72551621F','5150','JosÃ© Miguel'),('72551622P','5407','MÂª Carmen'),('72551759F','5960','Carlos'),('73346225F','5042','AndrÃ©s'),('74354354','2344',''),('74422628X','5156','Gabriel'),('74427473W','5155','Antonio'),('74581775C','5011','Antonio'),('74627140Y','5094','Emilio'),('74848871V','1899','Juan Luis'),('75695660S','5115','Juan'),('75738692Z','5509','Francisco'),('75750394D','5852','Oscar'),('76024814Q','1816','LuÃ­s'),('76623880R','5813','JosÃ© Carlos'),('77112643Z','5189','JosÃ© Antonio'),('77288270J','5124','Juan'),('77319727Y','5715','JesÃºs'),('77608706J','5173','David'),('77611303B','5719','Marc Albe'),('77677229L','1876','Fco Javier'),('78074815G','5138','Santiago'),('78080359M','5754','Jordi'),('78080363D','5594','Joan'),('79271682C','5515','Fernando'),('79281432H','5362','Miguel'),('8675467M-','5013','Pedro'),('X3824078Y','5633','Claudio Marcelo');
/*!40000 ALTER TABLE `register_base` ENABLE KEYS */;
UNLOCK TABLES;

--
-- Table structure for table `users_tbl`
--

DROP TABLE IF EXISTS `users_tbl`;
/*!40101 SET @saved_cs_client     = @@character_set_client */;
/*!40101 SET character_set_client = utf8 */;
CREATE TABLE `users_tbl` (
  `email` varchar(255) COLLATE utf8_unicode_ci NOT NULL,
  `dni` varchar(9) COLLATE utf8_unicode_ci NOT NULL,
  `register` varchar(100) COLLATE utf8_unicode_ci NOT NULL,
  `section` varchar(20) COLLATE utf8_unicode_ci DEFAULT NULL,
  `turn` int(5) NOT NULL,
  `full_name` varchar(300) COLLATE utf8_unicode_ci NOT NULL,
  `username` varchar(20) COLLATE utf8_unicode_ci NOT NULL,
  `password` varchar(255) COLLATE utf8_unicode_ci NOT NULL,
  `phone` varchar(20) COLLATE utf8_unicode_ci NOT NULL,
  `remember_token` varchar(100) COLLATE utf8_unicode_ci DEFAULT NULL,
  `updated_at` timestamp NOT NULL DEFAULT '0000-00-00 00:00:00' ON UPDATE CURRENT_TIMESTAMP,
  `created_at` timestamp NOT NULL DEFAULT '0000-00-00 00:00:00',
  `role` varchar(20) COLLATE utf8_unicode_ci NOT NULL DEFAULT 'normal',
  `speciality` varchar(20) COLLATE utf8_unicode_ci DEFAULT NULL,
  `permission` enum('true','false') COLLATE utf8_unicode_ci DEFAULT 'false',
  PRIMARY KEY (`email`),
  UNIQUE KEY `register` (`register`),
  UNIQUE KEY `username` (`username`),
  KEY `FK_dni_register` (`dni`,`register`)
) ENGINE=InnoDB DEFAULT CHARSET=utf8 COLLATE=utf8_unicode_ci;
/*!40101 SET character_set_client = @saved_cs_client */;

--
-- Dumping data for table `users_tbl`
--

LOCK TABLES `users_tbl` WRITE;
/*!40000 ALTER TABLE `users_tbl` DISABLE KEYS */;
INSERT INTO `users_tbl` VALUES ('algoritex@gmail.com','14269111A','5595',NULL,66781,'Algoritex','Algoritex','3b385b38ece502e7be4cf9a625ea6b8fa2a92d49e31268fe783db9c24e278d76','717715075','L13y7k9aBlEpR8D41tcQhG1zKEHnnhdnCdgt635xHpdWEZWvSs7ji653EmOD','2017-01-29 19:42:28','2016-05-19 07:00:00','admin',NULL,'true'),('argotweb10@gmail.com','14270824Z','1873',NULL,66781,'Argot','Argot Web','3b385b38ece502e7be4cf9a625ea6b8fa2a92d49e31268fe783db9c24e278d76','717715075','L13y7k9aBlEpR8D41tcQhG1zKEHnnhdnCdgt635xHpdWEZWvSs7ji653EmOD','2017-01-29 19:42:35','2016-05-19 07:00:00','admin',NULL,'true'),('balgorithm@gmail.com','12345678Z','8113',NULL,66781,'BA','kikeadmin','3b385b38ece502e7be4cf9a625ea6b8fa2a92d49e31268fe783db9c24e278d76','717715075','L13y7k9aBlEpR8D41tcQhG1zKEHnnhdnCdgt635xHpdWEZWvSs7ji653EmOD','2017-01-29 19:42:44','2016-05-19 07:00:00','admin',NULL,'true'),('lecelemin@gmail.com','14269201R','5762',NULL,66781,'LE CEL','Le C','3b385b38ece502e7be4cf9a625ea6b8fa2a92d49e31268fe783db9c24e278d76','717715075','L13y7k9aBlEpR8D41tcQhG1zKEHnnhdnCdgt635xHpdWEZWvSs7ji653EmOD','2017-01-29 19:42:53','2016-05-19 07:00:00','admin',NULL,'true');
/*!40000 ALTER TABLE `users_tbl` ENABLE KEYS */;
UNLOCK TABLES;

--
-- Table structure for table `users_votes`
--

DROP TABLE IF EXISTS `users_votes`;
/*!40101 SET @saved_cs_client     = @@character_set_client */;
/*!40101 SET character_set_client = utf8 */;
CREATE TABLE `users_votes` (
  `id` int(10) unsigned NOT NULL AUTO_INCREMENT,
  `id_vote` int(10) unsigned NOT NULL,
  `id_user` varchar(255) COLLATE utf8_unicode_ci NOT NULL,
  `user_vote_list` varchar(2500) COLLATE utf8_unicode_ci NOT NULL,
  `created_at` timestamp NULL DEFAULT NULL,
  `updated_at` timestamp NULL DEFAULT NULL,
  PRIMARY KEY (`id`),
  KEY `users_votes_id_vote_id_user_index` (`id_vote`,`id_user`),
  KEY `users_votes_id_user_foreign` (`id_user`),
  CONSTRAINT `users_votes_id_user_foreign` FOREIGN KEY (`id_user`) REFERENCES `users_tbl` (`email`) ON DELETE CASCADE ON UPDATE CASCADE,
  CONSTRAINT `users_votes_id_vote_foreign` FOREIGN KEY (`id_vote`) REFERENCES `votes` (`id`) ON DELETE CASCADE ON UPDATE CASCADE
) ENGINE=InnoDB AUTO_INCREMENT=16 DEFAULT CHARSET=utf8 COLLATE=utf8_unicode_ci;
/*!40101 SET character_set_client = @saved_cs_client */;

--
-- Dumping data for table `users_votes`
--

LOCK TABLES `users_votes` WRITE;
/*!40000 ALTER TABLE `users_votes` DISABLE KEYS */;
INSERT INTO `users_votes` VALUES (8,14,'balgorithm@gmail.com','algoritex@gmail.com','2017-01-29 18:47:56','2017-01-29 18:47:56'),(9,14,'algoritex@gmail.com','argotweb10@gmail.com','2017-01-29 18:49:42','2017-01-29 18:49:42'),(10,14,'lecelemin@gmail.com','algoritex@gmail.com','2017-01-29 18:50:08','2017-01-29 18:50:08'),(11,14,'argotweb10@gmail.com','algoritex@gmail.com','2017-01-29 18:50:28','2017-01-29 18:50:28'),(12,13,'balgorithm@gmail.com','lecelemin@gmail.com','2017-01-29 18:52:19','2017-01-29 18:52:19'),(13,13,'argotweb10@gmail.com','lecelemin@gmail.com','2017-01-29 18:52:35','2017-01-29 18:52:35'),(14,13,'lecelemin@gmail.com','lecelemin@gmail.com','2017-01-29 18:52:47','2017-01-29 18:52:47'),(15,13,'algoritex@gmail.com','balgorithm@gmail.com','2017-01-29 18:53:16','2017-01-29 18:53:16');
/*!40000 ALTER TABLE `users_votes` ENABLE KEYS */;
UNLOCK TABLES;

--
-- Table structure for table `votes`
--

DROP TABLE IF EXISTS `votes`;
/*!40101 SET @saved_cs_client     = @@character_set_client */;
/*!40101 SET character_set_client = utf8 */;
CREATE TABLE `votes` (
  `id` int(10) unsigned NOT NULL AUTO_INCREMENT,
  `vote_name` varchar(255) COLLATE utf8_unicode_ci NOT NULL,
  `start_date` varchar(255) COLLATE utf8_unicode_ci NOT NULL,
  `end_date` varchar(255) COLLATE utf8_unicode_ci NOT NULL,
  `votes_per_user` int(11) NOT NULL,
  `candidates` varchar(3000) COLLATE utf8_unicode_ci NOT NULL,
  `number_of_winners` int(11) NOT NULL,
  `status` tinyint(1) NOT NULL,
  `created_at` timestamp NULL DEFAULT NULL,
  `updated_at` timestamp NULL DEFAULT NULL,
  PRIMARY KEY (`id`)
) ENGINE=InnoDB AUTO_INCREMENT=15 DEFAULT CHARSET=utf8 COLLATE=utf8_unicode_ci;
/*!40101 SET character_set_client = @saved_cs_client */;

--
-- Dumping data for table `votes`
--

LOCK TABLES `votes` WRITE;
/*!40000 ALTER TABLE `votes` DISABLE KEYS */;
INSERT INTO `votes` VALUES (12,'Test 1','01/29/2017','01/30/2017',1,'argotweb10@gmail.com,balgorithm@gmail.com,lecelemin@gmail.com',3,0,'2017-01-29 18:43:09','2017-01-29 18:43:09'),(13,'Test2','01/28/2017','01/31/2017',1,'algoritex@gmail.com,argotweb10@gmail.com,balgorithm@gmail.com,lecelemin@gmail.com',1,1,'2017-01-29 18:44:32','2017-01-29 18:51:51'),(14,'Test3','01/30/2017','02/02/2017',1,'algoritex@gmail.com,argotweb10@gmail.com,balgorithm@gmail.com',1,1,'2017-01-29 18:45:16','2017-01-29 18:46:53');
/*!40000 ALTER TABLE `votes` ENABLE KEYS */;
UNLOCK TABLES;

--
-- Table structure for table `votes_result`
--

DROP TABLE IF EXISTS `votes_result`;
/*!40101 SET @saved_cs_client     = @@character_set_client */;
/*!40101 SET character_set_client = utf8 */;
CREATE TABLE `votes_result` (
  `id` int(10) unsigned NOT NULL AUTO_INCREMENT,
  `id_vote` int(10) unsigned NOT NULL,
  `user_vote_list` varchar(1000) COLLATE utf8_unicode_ci NOT NULL,
  `winner_list` varchar(255) COLLATE utf8_unicode_ci NOT NULL,
  `percentage` smallint(6) NOT NULL,
  `total_votes` int(11) NOT NULL,
  `total_users` int(11) NOT NULL,
  `created_at` timestamp NULL DEFAULT NULL,
  `updated_at` timestamp NULL DEFAULT NULL,
  PRIMARY KEY (`id`),
  KEY `votes_result_id_vote_foreign` (`id_vote`),
  CONSTRAINT `votes_result_id_vote_foreign` FOREIGN KEY (`id_vote`) REFERENCES `votes` (`id`) ON DELETE CASCADE
) ENGINE=InnoDB AUTO_INCREMENT=3 DEFAULT CHARSET=utf8 COLLATE=utf8_unicode_ci;
/*!40101 SET character_set_client = @saved_cs_client */;

--
-- Dumping data for table `votes_result`
--

LOCK TABLES `votes_result` WRITE;
/*!40000 ALTER TABLE `votes_result` DISABLE KEYS */;
/*!40000 ALTER TABLE `votes_result` ENABLE KEYS */;
UNLOCK TABLES;
/*!40103 SET TIME_ZONE=@OLD_TIME_ZONE */;

/*!40101 SET SQL_MODE=@OLD_SQL_MODE */;
/*!40014 SET FOREIGN_KEY_CHECKS=@OLD_FOREIGN_KEY_CHECKS */;
/*!40014 SET UNIQUE_CHECKS=@OLD_UNIQUE_CHECKS */;
/*!40101 SET CHARACTER_SET_CLIENT=@OLD_CHARACTER_SET_CLIENT */;
/*!40101 SET CHARACTER_SET_RESULTS=@OLD_CHARACTER_SET_RESULTS */;
/*!40101 SET COLLATION_CONNECTION=@OLD_COLLATION_CONNECTION */;
/*!40111 SET SQL_NOTES=@OLD_SQL_NOTES */;

-- Dump completed on 2017-01-29 20:55:58
